repo_name,action,issue_number,title,url,state,labels,created_at
wearypossum4770/dark-coding-challenges,opened,1258,Check If All 1's Are at Least Length K Places Away,https://github.com/wearypossum4770/dark-coding-challenges/issues/1258,open,"[{""id"":8022713872,""node_id"":""LA_kwDONp7z0M8AAAAB3jDmEA"",""url"":""https://api.github.com/repos/wearypossum4770/dark-coding-challenges/labels/challenge"",""name"":""challenge"",""color"":""d4c5f9"",""default"":false,""description"":""""},{""id"":8022714187,""node_id"":""LA_kwDONp7z0M8AAAAB3jDnSw"",""url"":""https://api.github.com/repos/wearypossum4770/dark-coding-challenges/labels/easy"",""name"":""easy"",""color"":""0EE9C8"",""default"":false,""description"":""""}]",2025-01-23 23:58:31.000000 UTC
wearypossum4770/dark-coding-challenges,opened,1257,Destination City,https://github.com/wearypossum4770/dark-coding-challenges/issues/1257,open,"[{""id"":8022713872,""node_id"":""LA_kwDONp7z0M8AAAAB3jDmEA"",""url"":""https://api.github.com/repos/wearypossum4770/dark-coding-challenges/labels/challenge"",""name"":""challenge"",""color"":""d4c5f9"",""default"":false,""description"":""""},{""id"":8022714187,""node_id"":""LA_kwDONp7z0M8AAAAB3jDnSw"",""url"":""https://api.github.com/repos/wearypossum4770/dark-coding-challenges/labels/easy"",""name"":""easy"",""color"":""0EE9C8"",""default"":false,""description"":""""}]",2025-01-23 23:58:28.000000 UTC
wearypossum4770/dark-coding-challenges,opened,1256,Create a Session Bar Chart,https://github.com/wearypossum4770/dark-coding-challenges/issues/1256,open,"[{""id"":8022713872,""node_id"":""LA_kwDONp7z0M8AAAAB3jDmEA"",""url"":""https://api.github.com/repos/wearypossum4770/dark-coding-challenges/labels/challenge"",""name"":""challenge"",""color"":""d4c5f9"",""default"":false,""description"":""""},{""id"":8022714187,""node_id"":""LA_kwDONp7z0M8AAAAB3jDnSw"",""url"":""https://api.github.com/repos/wearypossum4770/dark-coding-challenges/labels/easy"",""name"":""easy"",""color"":""0EE9C8"",""default"":false,""description"":""""}]",2025-01-23 23:58:25.000000 UTC
wearypossum4770/dark-coding-challenges,opened,1252,Kids With the Greatest Number of Candies,https://github.com/wearypossum4770/dark-coding-challenges/issues/1252,open,"[{""id"":8022713872,""node_id"":""LA_kwDONp7z0M8AAAAB3jDmEA"",""url"":""https://api.github.com/repos/wearypossum4770/dark-coding-challenges/labels/challenge"",""name"":""challenge"",""color"":""d4c5f9"",""default"":false,""description"":""""},{""id"":8022714187,""node_id"":""LA_kwDONp7z0M8AAAAB3jDnSw"",""url"":""https://api.github.com/repos/wearypossum4770/dark-coding-challenges/labels/easy"",""name"":""easy"",""color"":""0EE9C8"",""default"":false,""description"":""""}]",2025-01-23 23:58:13.000000 UTC
wearypossum4770/dark-coding-challenges,opened,1248,Perform String Shifts,https://github.com/wearypossum4770/dark-coding-challenges/issues/1248,open,"[{""id"":8022713872,""node_id"":""LA_kwDONp7z0M8AAAAB3jDmEA"",""url"":""https://api.github.com/repos/wearypossum4770/dark-coding-challenges/labels/challenge"",""name"":""challenge"",""color"":""d4c5f9"",""default"":false,""description"":""""},{""id"":8022714187,""node_id"":""LA_kwDONp7z0M8AAAAB3jDnSw"",""url"":""https://api.github.com/repos/wearypossum4770/dark-coding-challenges/labels/easy"",""name"":""easy"",""color"":""0EE9C8"",""default"":false,""description"":""""}]",2025-01-23 23:58:01.000000 UTC
wearypossum4770/dark-coding-challenges,opened,1247,Counting Elements,https://github.com/wearypossum4770/dark-coding-challenges/issues/1247,open,"[{""id"":8022713872,""node_id"":""LA_kwDONp7z0M8AAAAB3jDmEA"",""url"":""https://api.github.com/repos/wearypossum4770/dark-coding-challenges/labels/challenge"",""name"":""challenge"",""color"":""d4c5f9"",""default"":false,""description"":""""},{""id"":8022714187,""node_id"":""LA_kwDONp7z0M8AAAAB3jDnSw"",""url"":""https://api.github.com/repos/wearypossum4770/dark-coding-challenges/labels/easy"",""name"":""easy"",""color"":""0EE9C8"",""default"":false,""description"":""""}]",2025-01-23 23:57:58.000000 UTC
leaderboardsgg/leaderboard-backend,opened,278,Use FromRoute Attribute on Route Params,https://github.com/leaderboardsgg/leaderboard-backend/issues/278,open,"[{""id"":7992455820,""node_id"":""LA_kwDOGnPv1M8AAAAB3GMyjA"",""url"":""https://api.github.com/repos/leaderboardsgg/leaderboard-backend/labels/small%20potatoes"",""name"":""small potatoes"",""color"":""5319E7"",""default"":false,""description"":""Easy stuff""}]",2025-01-23 23:46:37.000000 UTC
krnagy-csu/CST-438-SP-25-P1-G7,opened,9,Create gitignore file,https://github.com/krnagy-csu/CST-438-SP-25-P1-G7/issues/9,open,"[{""id"":8036917301,""node_id"":""LA_kwDONtrYis8AAAAB3wmgNQ"",""url"":""https://api.github.com/repos/krnagy-csu/CST-438-SP-25-P1-G7/labels/documentation"",""name"":""documentation"",""color"":""0075ca"",""default"":true,""description"":""Improvements or additions to documentation""},{""id"":8036917314,""node_id"":""LA_kwDONtrYis8AAAAB3wmgQg"",""url"":""https://api.github.com/repos/krnagy-csu/CST-438-SP-25-P1-G7/labels/1"",""name"":""1"",""color"":""7057ff"",""default"":false,""description"":""Easy""}]",2025-01-23 23:42:50.000000 UTC
krnagy-csu/CST-438-SP-25-P1-G7,opened,8,Write preliminary readme.,https://github.com/krnagy-csu/CST-438-SP-25-P1-G7/issues/8,open,"[{""id"":8036917301,""node_id"":""LA_kwDONtrYis8AAAAB3wmgNQ"",""url"":""https://api.github.com/repos/krnagy-csu/CST-438-SP-25-P1-G7/labels/documentation"",""name"":""documentation"",""color"":""0075ca"",""default"":true,""description"":""Improvements or additions to documentation""},{""id"":8036917314,""node_id"":""LA_kwDONtrYis8AAAAB3wmgQg"",""url"":""https://api.github.com/repos/krnagy-csu/CST-438-SP-25-P1-G7/labels/1"",""name"":""1"",""color"":""7057ff"",""default"":false,""description"":""Easy""}]",2025-01-23 23:42:15.000000 UTC
DanThePanMan/palette-pal,opened,1,Make image height equal in readme.md,https://github.com/DanThePanMan/palette-pal/issues/1,open,"[{""id"":7115322984,""node_id"":""LA_kwDOMM7Ndc8AAAABqBs2aA"",""url"":""https://api.github.com/repos/DanThePanMan/palette-pal/labels/documentation"",""name"":""documentation"",""color"":""0075ca"",""default"":true,""description"":""Improvements or additions to documentation""},{""id"":7115323004,""node_id"":""LA_kwDOMM7Ndc8AAAABqBs2fA"",""url"":""https://api.github.com/repos/DanThePanMan/palette-pal/labels/good%20first%20issue"",""name"":""good first issue"",""color"":""7057ff"",""default"":true,""description"":""Good for newcomers""}]",2025-01-23 23:41:43.000000 UTC
pvlib/pvlib-python,opened,2366,Intro tutorial: different results for Procedural and Object oriented examples,https://github.com/pvlib/pvlib-python/issues/2366,open,"[{""id"":177800477,""node_id"":""MDU6TGFiZWwxNzc4MDA0Nzc="",""url"":""https://api.github.com/repos/pvlib/pvlib-python/labels/bug"",""name"":""bug"",""color"":""fc2929"",""default"":true,""description"":null},{""id"":186016142,""node_id"":""MDU6TGFiZWwxODYwMTYxNDI="",""url"":""https://api.github.com/repos/pvlib/pvlib-python/labels/documentation"",""name"":""documentation"",""color"":""bfe5bf"",""default"":true,""description"":null},{""id"":286475252,""node_id"":""MDU6TGFiZWwyODY0NzUyNTI="",""url"":""https://api.github.com/repos/pvlib/pvlib-python/labels/easy"",""name"":""easy"",""color"":""006b75"",""default"":false,""description"":null},{""id"":961364188,""node_id"":""MDU6TGFiZWw5NjEzNjQxODg="",""url"":""https://api.github.com/repos/pvlib/pvlib-python/labels/good%20first%20issue"",""name"":""good first issue"",""color"":""97f4ee"",""default"":true,""description"":""""}]",2025-01-23 23:41:39.000000 UTC
invertase/react-native-google-mobile-ads,opened,699,[üêõ] Android build failed,https://github.com/invertase/react-native-google-mobile-ads/issues/699,open,"[{""id"":2931085337,""node_id"":""MDU6TGFiZWwyOTMxMDg1MzM3"",""url"":""https://api.github.com/repos/invertase/react-native-google-mobile-ads/labels/help%20wanted"",""name"":""help wanted"",""color"":""008672"",""default"":true,""description"":""Extra attention is needed""}]",2025-01-23 23:41:32.000000 UTC
BDadmehr0/Yadgah,opened,34,Feature: View Count,https://github.com/BDadmehr0/Yadgah/issues/34,open,"[{""id"":7974154342,""node_id"":""LA_kwDONnF6V88AAAAB20vwZg"",""url"":""https://api.github.com/repos/BDadmehr0/Yadgah/labels/enhancement"",""name"":""enhancement"",""color"":""a2eeef"",""default"":true,""description"":""New feature or request""},{""id"":7974154356,""node_id"":""LA_kwDONnF6V88AAAAB20vwdA"",""url"":""https://api.github.com/repos/BDadmehr0/Yadgah/labels/good%20first%20issue"",""name"":""good first issue"",""color"":""7057ff"",""default"":true,""description"":""Good for newcomers""}]",2025-01-23 23:41:01.000000 UTC
fringe4life/bbc-grid-project,opened,1,Better Commenting for readability,https://github.com/fringe4life/bbc-grid-project/issues/1,open,"[{""id"":7925401635,""node_id"":""LA_kwDONh9irM8AAAAB2GQIIw"",""url"":""https://api.github.com/repos/fringe4life/bbc-grid-project/labels/good%20first%20issue"",""name"":""good first issue"",""color"":""7057ff"",""default"":true,""description"":""Good for newcomers""}]",2025-01-23 23:40:00.000000 UTC
NoshonNetworks/landver,opened,279,Land registry indexer crashes,https://github.com/NoshonNetworks/landver/issues/279,open,"[{""id"":7454130959,""node_id"":""LA_kwDOMwjSqs8AAAABvE0DDw"",""url"":""https://api.github.com/repos/NoshonNetworks/landver/labels/bug"",""name"":""bug"",""color"":""d73a4a"",""default"":true,""description"":""Something isn't working""},{""id"":7454130985,""node_id"":""LA_kwDOMwjSqs8AAAABvE0DKQ"",""url"":""https://api.github.com/repos/NoshonNetworks/landver/labels/help%20wanted"",""name"":""help wanted"",""color"":""008672"",""default"":true,""description"":""Extra attention is needed""},{""id"":7651043962,""node_id"":""LA_kwDOMwjSqs8AAAAByAmqeg"",""url"":""https://api.github.com/repos/NoshonNetworks/landver/labels/Urgent"",""name"":""Urgent"",""color"":""BC3A6F"",""default"":false,""description"":""""}]",2025-01-23 23:32:49.000000 UTC
Fontercoder/my-react-portfolio,opened,1,Arriving monsters,https://github.com/Fontercoder/my-react-portfolio/issues/1,open,"[{""id"":7862891385,""node_id"":""LA_kwDONbaTrs8AAAAB1KozeQ"",""url"":""https://api.github.com/repos/Fontercoder/my-react-portfolio/labels/help%20wanted"",""name"":""help wanted"",""color"":""008672"",""default"":true,""description"":""Extra attention is needed""}]",2025-01-23 23:31:08.000000 UTC
adlered/CSDNGreener,opened,290,Âú®CSDNÈ°µÈù¢‰∏≠ËøõË°åÂ§çÂà∂ÔºåËøòÊòØ‰ºöË∑≥Âá∫ÁôªÂΩïÊ°Ü„ÄÇ,https://github.com/adlered/CSDNGreener/issues/290,open,"[{""id"":1252641722,""node_id"":""MDU6TGFiZWwxMjUyNjQxNzIy"",""url"":""https://api.github.com/repos/adlered/CSDNGreener/labels/help%20wanted"",""name"":""help wanted"",""color"":""008672"",""default"":true,""description"":""Extra attention is needed""}]",2025-01-23 23:27:34.000000 UTC
wearypossum4770/dark-coding-challenges,opened,1243,Find Lucky Integer in an Array,https://github.com/wearypossum4770/dark-coding-challenges/issues/1243,open,"[{""id"":8022713872,""node_id"":""LA_kwDONp7z0M8AAAAB3jDmEA"",""url"":""https://api.github.com/repos/wearypossum4770/dark-coding-challenges/labels/challenge"",""name"":""challenge"",""color"":""d4c5f9"",""default"":false,""description"":""""},{""id"":8022714187,""node_id"":""LA_kwDONp7z0M8AAAAB3jDnSw"",""url"":""https://api.github.com/repos/wearypossum4770/dark-coding-challenges/labels/easy"",""name"":""easy"",""color"":""0EE9C8"",""default"":false,""description"":""""}]",2025-01-23 23:27:14.000000 UTC
wearypossum4770/dark-coding-challenges,opened,1238,Create Target Array in the Given Order,https://github.com/wearypossum4770/dark-coding-challenges/issues/1238,open,"[{""id"":8022713872,""node_id"":""LA_kwDONp7z0M8AAAAB3jDmEA"",""url"":""https://api.github.com/repos/wearypossum4770/dark-coding-challenges/labels/challenge"",""name"":""challenge"",""color"":""d4c5f9"",""default"":false,""description"":""""},{""id"":8022714187,""node_id"":""LA_kwDONp7z0M8AAAAB3jDnSw"",""url"":""https://api.github.com/repos/wearypossum4770/dark-coding-challenges/labels/easy"",""name"":""easy"",""color"":""0EE9C8"",""default"":false,""description"":""""}]",2025-01-23 23:26:59.000000 UTC
Sirraff/Project01_438_G11,opened,2,login,https://github.com/Sirraff/Project01_438_G11/issues/2,open,"[{""id"":8036922947,""node_id"":""LA_kwDONtra988AAAAB3wm2Qw"",""url"":""https://api.github.com/repos/Sirraff/Project01_438_G11/labels/good%20first%20issue"",""name"":""good first issue"",""color"":""7057ff"",""default"":true,""description"":""Good for newcomers""}]",2025-01-23 23:25:49.000000 UTC
wearypossum4770/dark-coding-challenges,opened,1234,Find the Distance Value Between Two Arrays,https://github.com/wearypossum4770/dark-coding-challenges/issues/1234,open,"[{""id"":8022713872,""node_id"":""LA_kwDONp7z0M8AAAAB3jDmEA"",""url"":""https://api.github.com/repos/wearypossum4770/dark-coding-challenges/labels/challenge"",""name"":""challenge"",""color"":""d4c5f9"",""default"":false,""description"":""""},{""id"":8022714187,""node_id"":""LA_kwDONp7z0M8AAAAB3jDnSw"",""url"":""https://api.github.com/repos/wearypossum4770/dark-coding-challenges/labels/easy"",""name"":""easy"",""color"":""0EE9C8"",""default"":false,""description"":""""}]",2025-01-23 23:25:47.000000 UTC
wearypossum4770/dark-coding-challenges,opened,1229,Lucky Numbers in a Matrix,https://github.com/wearypossum4770/dark-coding-challenges/issues/1229,open,"[{""id"":8022713872,""node_id"":""LA_kwDONp7z0M8AAAAB3jDmEA"",""url"":""https://api.github.com/repos/wearypossum4770/dark-coding-challenges/labels/challenge"",""name"":""challenge"",""color"":""d4c5f9"",""default"":false,""description"":""""},{""id"":8022714187,""node_id"":""LA_kwDONp7z0M8AAAAB3jDnSw"",""url"":""https://api.github.com/repos/wearypossum4770/dark-coding-challenges/labels/easy"",""name"":""easy"",""color"":""0EE9C8"",""default"":false,""description"":""""}]",2025-01-23 23:25:32.000000 UTC
wearypossum4770/dark-coding-challenges,opened,1228,Find a Corresponding Node of a Binary Tree in a Clone of That Tree,https://github.com/wearypossum4770/dark-coding-challenges/issues/1228,open,"[{""id"":8022713872,""node_id"":""LA_kwDONp7z0M8AAAAB3jDmEA"",""url"":""https://api.github.com/repos/wearypossum4770/dark-coding-challenges/labels/challenge"",""name"":""challenge"",""color"":""d4c5f9"",""default"":false,""description"":""""},{""id"":8022714187,""node_id"":""LA_kwDONp7z0M8AAAAB3jDnSw"",""url"":""https://api.github.com/repos/wearypossum4770/dark-coding-challenges/labels/easy"",""name"":""easy"",""color"":""0EE9C8"",""default"":false,""description"":""""}]",2025-01-23 23:25:29.000000 UTC
wearypossum4770/dark-coding-challenges,opened,1227,Replace Employee ID With The Unique Identifier,https://github.com/wearypossum4770/dark-coding-challenges/issues/1227,open,"[{""id"":8022713872,""node_id"":""LA_kwDONp7z0M8AAAAB3jDmEA"",""url"":""https://api.github.com/repos/wearypossum4770/dark-coding-challenges/labels/challenge"",""name"":""challenge"",""color"":""d4c5f9"",""default"":false,""description"":""""},{""id"":8022714187,""node_id"":""LA_kwDONp7z0M8AAAAB3jDnSw"",""url"":""https://api.github.com/repos/wearypossum4770/dark-coding-challenges/labels/easy"",""name"":""easy"",""color"":""0EE9C8"",""default"":false,""description"":""""}]",2025-01-23 23:25:26.000000 UTC
wearypossum4770/dark-coding-challenges,opened,1223,Generate a String With Characters That Have Odd Counts,https://github.com/wearypossum4770/dark-coding-challenges/issues/1223,open,"[{""id"":8022713872,""node_id"":""LA_kwDONp7z0M8AAAAB3jDmEA"",""url"":""https://api.github.com/repos/wearypossum4770/dark-coding-challenges/labels/challenge"",""name"":""challenge"",""color"":""d4c5f9"",""default"":false,""description"":""""},{""id"":8022714187,""node_id"":""LA_kwDONp7z0M8AAAAB3jDnSw"",""url"":""https://api.github.com/repos/wearypossum4770/dark-coding-challenges/labels/easy"",""name"":""easy"",""color"":""0EE9C8"",""default"":false,""description"":""""}]",2025-01-23 23:25:14.000000 UTC
wearypossum4770/dark-coding-challenges,opened,1219,Increasing Decreasing String,https://github.com/wearypossum4770/dark-coding-challenges/issues/1219,open,"[{""id"":8022713872,""node_id"":""LA_kwDONp7z0M8AAAAB3jDmEA"",""url"":""https://api.github.com/repos/wearypossum4770/dark-coding-challenges/labels/challenge"",""name"":""challenge"",""color"":""d4c5f9"",""default"":false,""description"":""""},{""id"":8022714187,""node_id"":""LA_kwDONp7z0M8AAAAB3jDnSw"",""url"":""https://api.github.com/repos/wearypossum4770/dark-coding-challenges/labels/easy"",""name"":""easy"",""color"":""0EE9C8"",""default"":false,""description"":""""}]",2025-01-23 23:25:02.000000 UTC
wearypossum4770/dark-coding-challenges,opened,1209,Number of Days Between Two Dates,https://github.com/wearypossum4770/dark-coding-challenges/issues/1209,open,"[{""id"":8022713872,""node_id"":""LA_kwDONp7z0M8AAAAB3jDmEA"",""url"":""https://api.github.com/repos/wearypossum4770/dark-coding-challenges/labels/challenge"",""name"":""challenge"",""color"":""d4c5f9"",""default"":false,""description"":""""},{""id"":8022714187,""node_id"":""LA_kwDONp7z0M8AAAAB3jDnSw"",""url"":""https://api.github.com/repos/wearypossum4770/dark-coding-challenges/labels/easy"",""name"":""easy"",""color"":""0EE9C8"",""default"":false,""description"":""""}]",2025-01-23 23:23:32.000000 UTC
wearypossum4770/dark-coding-challenges,opened,1205,Sort Integers by The Number of 1 Bits,https://github.com/wearypossum4770/dark-coding-challenges/issues/1205,open,"[{""id"":8022713872,""node_id"":""LA_kwDONp7z0M8AAAAB3jDmEA"",""url"":""https://api.github.com/repos/wearypossum4770/dark-coding-challenges/labels/challenge"",""name"":""challenge"",""color"":""d4c5f9"",""default"":false,""description"":""""},{""id"":8022714187,""node_id"":""LA_kwDONp7z0M8AAAAB3jDnSw"",""url"":""https://api.github.com/repos/wearypossum4770/dark-coding-challenges/labels/easy"",""name"":""easy"",""color"":""0EE9C8"",""default"":false,""description"":""""}]",2025-01-23 23:23:20.000000 UTC
wearypossum4770/dark-coding-challenges,opened,1199,Students With Invalid Departments,https://github.com/wearypossum4770/dark-coding-challenges/issues/1199,open,"[{""id"":8022713872,""node_id"":""LA_kwDONp7z0M8AAAAB3jDmEA"",""url"":""https://api.github.com/repos/wearypossum4770/dark-coding-challenges/labels/challenge"",""name"":""challenge"",""color"":""d4c5f9"",""default"":false,""description"":""""},{""id"":8022714187,""node_id"":""LA_kwDONp7z0M8AAAAB3jDnSw"",""url"":""https://api.github.com/repos/wearypossum4770/dark-coding-challenges/labels/easy"",""name"":""easy"",""color"":""0EE9C8"",""default"":false,""description"":""""}]",2025-01-23 23:23:02.000000 UTC
wearypossum4770/dark-coding-challenges,opened,1195,Check If N and Its Double Exist,https://github.com/wearypossum4770/dark-coding-challenges/issues/1195,open,"[{""id"":8022713872,""node_id"":""LA_kwDONp7z0M8AAAAB3jDmEA"",""url"":""https://api.github.com/repos/wearypossum4770/dark-coding-challenges/labels/challenge"",""name"":""challenge"",""color"":""d4c5f9"",""default"":false,""description"":""""},{""id"":8022714187,""node_id"":""LA_kwDONp7z0M8AAAAB3jDnSw"",""url"":""https://api.github.com/repos/wearypossum4770/dark-coding-challenges/labels/easy"",""name"":""easy"",""color"":""0EE9C8"",""default"":false,""description"":""""}]",2025-01-23 23:21:48.000000 UTC
wearypossum4770/dark-coding-challenges,opened,1191,Number of Steps to Reduce a Number to Zero,https://github.com/wearypossum4770/dark-coding-challenges/issues/1191,open,"[{""id"":8022713872,""node_id"":""LA_kwDONp7z0M8AAAAB3jDmEA"",""url"":""https://api.github.com/repos/wearypossum4770/dark-coding-challenges/labels/challenge"",""name"":""challenge"",""color"":""d4c5f9"",""default"":false,""description"":""""},{""id"":8022714187,""node_id"":""LA_kwDONp7z0M8AAAAB3jDnSw"",""url"":""https://api.github.com/repos/wearypossum4770/dark-coding-challenges/labels/easy"",""name"":""easy"",""color"":""0EE9C8"",""default"":false,""description"":""""}]",2025-01-23 23:21:36.000000 UTC
wearypossum4770/dark-coding-challenges,opened,1186,The K Weakest Rows in a Matrix,https://github.com/wearypossum4770/dark-coding-challenges/issues/1186,open,"[{""id"":8022713872,""node_id"":""LA_kwDONp7z0M8AAAAB3jDmEA"",""url"":""https://api.github.com/repos/wearypossum4770/dark-coding-challenges/labels/challenge"",""name"":""challenge"",""color"":""d4c5f9"",""default"":false,""description"":""""},{""id"":8022714187,""node_id"":""LA_kwDONp7z0M8AAAAB3jDnSw"",""url"":""https://api.github.com/repos/wearypossum4770/dark-coding-challenges/labels/easy"",""name"":""easy"",""color"":""0EE9C8"",""default"":false,""description"":""""}]",2025-01-23 23:21:20.000000 UTC
wearypossum4770/dark-coding-challenges,opened,1181,Remove Palindromic Subsequences,https://github.com/wearypossum4770/dark-coding-challenges/issues/1181,open,"[{""id"":8022713872,""node_id"":""LA_kwDONp7z0M8AAAAB3jDmEA"",""url"":""https://api.github.com/repos/wearypossum4770/dark-coding-challenges/labels/challenge"",""name"":""challenge"",""color"":""d4c5f9"",""default"":false,""description"":""""},{""id"":8022714187,""node_id"":""LA_kwDONp7z0M8AAAAB3jDnSw"",""url"":""https://api.github.com/repos/wearypossum4770/dark-coding-challenges/labels/easy"",""name"":""easy"",""color"":""0EE9C8"",""default"":false,""description"":""""}]",2025-01-23 23:21:05.000000 UTC
wearypossum4770/dark-coding-challenges,opened,1180,Rank Transform of an Array,https://github.com/wearypossum4770/dark-coding-challenges/issues/1180,open,"[{""id"":8022713872,""node_id"":""LA_kwDONp7z0M8AAAAB3jDmEA"",""url"":""https://api.github.com/repos/wearypossum4770/dark-coding-challenges/labels/challenge"",""name"":""challenge"",""color"":""d4c5f9"",""default"":false,""description"":""""},{""id"":8022714187,""node_id"":""LA_kwDONp7z0M8AAAAB3jDnSw"",""url"":""https://api.github.com/repos/wearypossum4770/dark-coding-challenges/labels/easy"",""name"":""easy"",""color"":""0EE9C8"",""default"":false,""description"":""""}]",2025-01-23 23:21:03.000000 UTC
wearypossum4770/dark-coding-challenges,opened,1176,List the Products Ordered in a Period,https://github.com/wearypossum4770/dark-coding-challenges/issues/1176,open,"[{""id"":8022713872,""node_id"":""LA_kwDONp7z0M8AAAAB3jDmEA"",""url"":""https://api.github.com/repos/wearypossum4770/dark-coding-challenges/labels/challenge"",""name"":""challenge"",""color"":""d4c5f9"",""default"":false,""description"":""""},{""id"":8022714187,""node_id"":""LA_kwDONp7z0M8AAAAB3jDnSw"",""url"":""https://api.github.com/repos/wearypossum4770/dark-coding-challenges/labels/easy"",""name"":""easy"",""color"":""0EE9C8"",""default"":false,""description"":""""}]",2025-01-23 23:20:51.000000 UTC
wearypossum4770/dark-coding-challenges,opened,1172,Maximum 69 Number,https://github.com/wearypossum4770/dark-coding-challenges/issues/1172,open,"[{""id"":8022713872,""node_id"":""LA_kwDONp7z0M8AAAAB3jDmEA"",""url"":""https://api.github.com/repos/wearypossum4770/dark-coding-challenges/labels/challenge"",""name"":""challenge"",""color"":""d4c5f9"",""default"":false,""description"":""""},{""id"":8022714187,""node_id"":""LA_kwDONp7z0M8AAAAB3jDnSw"",""url"":""https://api.github.com/repos/wearypossum4770/dark-coding-challenges/labels/easy"",""name"":""easy"",""color"":""0EE9C8"",""default"":false,""description"":""""}]",2025-01-23 23:19:38.000000 UTC
wearypossum4770/dark-coding-challenges,opened,1171,Ads Performance,https://github.com/wearypossum4770/dark-coding-challenges/issues/1171,open,"[{""id"":8022713872,""node_id"":""LA_kwDONp7z0M8AAAAB3jDmEA"",""url"":""https://api.github.com/repos/wearypossum4770/dark-coding-challenges/labels/challenge"",""name"":""challenge"",""color"":""d4c5f9"",""default"":false,""description"":""""},{""id"":8022714187,""node_id"":""LA_kwDONp7z0M8AAAAB3jDnSw"",""url"":""https://api.github.com/repos/wearypossum4770/dark-coding-challenges/labels/easy"",""name"":""easy"",""color"":""0EE9C8"",""default"":false,""description"":""""}]",2025-01-23 23:19:34.000000 UTC
wearypossum4770/dark-coding-challenges,opened,1166,Convert Integer to the Sum of Two No-Zero Integers,https://github.com/wearypossum4770/dark-coding-challenges/issues/1166,open,"[{""id"":8022713872,""node_id"":""LA_kwDONp7z0M8AAAAB3jDmEA"",""url"":""https://api.github.com/repos/wearypossum4770/dark-coding-challenges/labels/challenge"",""name"":""challenge"",""color"":""d4c5f9"",""default"":false,""description"":""""},{""id"":8022714187,""node_id"":""LA_kwDONp7z0M8AAAAB3jDnSw"",""url"":""https://api.github.com/repos/wearypossum4770/dark-coding-challenges/labels/easy"",""name"":""easy"",""color"":""0EE9C8"",""default"":false,""description"":""""}]",2025-01-23 23:19:19.000000 UTC
wearypossum4770/dark-coding-challenges,opened,1162,Decompress Run-Length Encoded List,https://github.com/wearypossum4770/dark-coding-challenges/issues/1162,open,"[{""id"":8022713872,""node_id"":""LA_kwDONp7z0M8AAAAB3jDmEA"",""url"":""https://api.github.com/repos/wearypossum4770/dark-coding-challenges/labels/challenge"",""name"":""challenge"",""color"":""d4c5f9"",""default"":false,""description"":""""},{""id"":8022714187,""node_id"":""LA_kwDONp7z0M8AAAAB3jDnSw"",""url"":""https://api.github.com/repos/wearypossum4770/dark-coding-challenges/labels/easy"",""name"":""easy"",""color"":""0EE9C8"",""default"":false,""description"":""""}]",2025-01-23 23:19:08.000000 UTC
wearypossum4770/dark-coding-challenges,opened,1158,Decrypt String from Alphabet to Integer Mapping,https://github.com/wearypossum4770/dark-coding-challenges/issues/1158,open,"[{""id"":8022713872,""node_id"":""LA_kwDONp7z0M8AAAAB3jDmEA"",""url"":""https://api.github.com/repos/wearypossum4770/dark-coding-challenges/labels/challenge"",""name"":""challenge"",""color"":""d4c5f9"",""default"":false,""description"":""""},{""id"":8022714187,""node_id"":""LA_kwDONp7z0M8AAAAB3jDnSw"",""url"":""https://api.github.com/repos/wearypossum4770/dark-coding-challenges/labels/easy"",""name"":""easy"",""color"":""0EE9C8"",""default"":false,""description"":""""}]",2025-01-23 23:18:55.000000 UTC
wearypossum4770/dark-coding-challenges,opened,1152,Find the Team Size,https://github.com/wearypossum4770/dark-coding-challenges/issues/1152,open,"[{""id"":8022713872,""node_id"":""LA_kwDONp7z0M8AAAAB3jDmEA"",""url"":""https://api.github.com/repos/wearypossum4770/dark-coding-challenges/labels/challenge"",""name"":""challenge"",""color"":""d4c5f9"",""default"":false,""description"":""""},{""id"":8022714187,""node_id"":""LA_kwDONp7z0M8AAAAB3jDnSw"",""url"":""https://api.github.com/repos/wearypossum4770/dark-coding-challenges/labels/easy"",""name"":""easy"",""color"":""0EE9C8"",""default"":false,""description"":""""}]",2025-01-23 23:17:37.000000 UTC
wearypossum4770/dark-coding-challenges,opened,1148,Replace Elements with Greatest Element on Right Side,https://github.com/wearypossum4770/dark-coding-challenges/issues/1148,open,"[{""id"":8022713872,""node_id"":""LA_kwDONp7z0M8AAAAB3jDmEA"",""url"":""https://api.github.com/repos/wearypossum4770/dark-coding-challenges/labels/challenge"",""name"":""challenge"",""color"":""d4c5f9"",""default"":false,""description"":""""},{""id"":8022714187,""node_id"":""LA_kwDONp7z0M8AAAAB3jDnSw"",""url"":""https://api.github.com/repos/wearypossum4770/dark-coding-challenges/labels/easy"",""name"":""easy"",""color"":""0EE9C8"",""default"":false,""description"":""""}]",2025-01-23 23:17:25.000000 UTC
wearypossum4770/dark-coding-challenges,opened,1144,Find Numbers with Even Number of Digits,https://github.com/wearypossum4770/dark-coding-challenges/issues/1144,open,"[{""id"":8022713872,""node_id"":""LA_kwDONp7z0M8AAAAB3jDmEA"",""url"":""https://api.github.com/repos/wearypossum4770/dark-coding-challenges/labels/challenge"",""name"":""challenge"",""color"":""d4c5f9"",""default"":false,""description"":""""},{""id"":8022714187,""node_id"":""LA_kwDONp7z0M8AAAAB3jDnSw"",""url"":""https://api.github.com/repos/wearypossum4770/dark-coding-challenges/labels/easy"",""name"":""easy"",""color"":""0EE9C8"",""default"":false,""description"":""""}]",2025-01-23 23:17:13.000000 UTC
wearypossum4770/dark-coding-challenges,opened,1143,Weather Type in Each Country,https://github.com/wearypossum4770/dark-coding-challenges/issues/1143,open,"[{""id"":8022713872,""node_id"":""LA_kwDONp7z0M8AAAAB3jDmEA"",""url"":""https://api.github.com/repos/wearypossum4770/dark-coding-challenges/labels/challenge"",""name"":""challenge"",""color"":""d4c5f9"",""default"":false,""description"":""""},{""id"":8022714187,""node_id"":""LA_kwDONp7z0M8AAAAB3jDnSw"",""url"":""https://api.github.com/repos/wearypossum4770/dark-coding-challenges/labels/easy"",""name"":""easy"",""color"":""0EE9C8"",""default"":false,""description"":""""}]",2025-01-23 23:17:10.000000 UTC
wearypossum4770/dark-coding-challenges,opened,1139,Convert Binary Number in a Linked List to Integer,https://github.com/wearypossum4770/dark-coding-challenges/issues/1139,open,"[{""id"":8022713872,""node_id"":""LA_kwDONp7z0M8AAAAB3jDmEA"",""url"":""https://api.github.com/repos/wearypossum4770/dark-coding-challenges/labels/challenge"",""name"":""challenge"",""color"":""d4c5f9"",""default"":false,""description"":""""},{""id"":8022714187,""node_id"":""LA_kwDONp7z0M8AAAAB3jDnSw"",""url"":""https://api.github.com/repos/wearypossum4770/dark-coding-challenges/labels/easy"",""name"":""easy"",""color"":""0EE9C8"",""default"":false,""description"":""""}]",2025-01-23 23:16:58.000000 UTC
wearypossum4770/dark-coding-challenges,opened,1136,Element Appearing More Than 25% In Sorted Array,https://github.com/wearypossum4770/dark-coding-challenges/issues/1136,open,"[{""id"":8022713872,""node_id"":""LA_kwDONp7z0M8AAAAB3jDmEA"",""url"":""https://api.github.com/repos/wearypossum4770/dark-coding-challenges/labels/challenge"",""name"":""challenge"",""color"":""d4c5f9"",""default"":false,""description"":""""},{""id"":8022714187,""node_id"":""LA_kwDONp7z0M8AAAAB3jDnSw"",""url"":""https://api.github.com/repos/wearypossum4770/dark-coding-challenges/labels/easy"",""name"":""easy"",""color"":""0EE9C8"",""default"":false,""description"":""""}]",2025-01-23 23:16:49.000000 UTC
microsoft/ga4gh-tes,opened,823,Debug aid,https://github.com/microsoft/ga4gh-tes/issues/823,open,"[{""id"":4699622629,""node_id"":""LA_kwDOIRR9Zc8AAAABGB6M5Q"",""url"":""https://api.github.com/repos/microsoft/ga4gh-tes/labels/enhancement"",""name"":""enhancement"",""color"":""a2eeef"",""default"":true,""description"":""New feature or request""},{""id"":5671292132,""node_id"":""LA_kwDOIRR9Zc8AAAABUgkM5A"",""url"":""https://api.github.com/repos/microsoft/ga4gh-tes/labels/TES%20Priority:%20P1"",""name"":""TES Priority: P1"",""color"":""9E6715"",""default"":false,""description"":""Groomed to a Priority 1 issue""},{""id"":6048816995,""node_id"":""LA_kwDOIRR9Zc8AAAABaImfYw"",""url"":""https://api.github.com/repos/microsoft/ga4gh-tes/labels/Robustness"",""name"":""Robustness"",""color"":""C951BC"",""default"":false,""description"":""Enable users can run tasks w/o bugs or with mitigation of known bugs""},{""id"":6048821617,""node_id"":""LA_kwDOIRR9Zc8AAAABaImxcQ"",""url"":""https://api.github.com/repos/microsoft/ga4gh-tes/labels/Troubleshooting"",""name"":""Troubleshooting"",""color"":""87D3BD"",""default"":false,""description"":""Enable users to identify and debug errors""},{""id"":6121076580,""node_id"":""LA_kwDOIRR9Zc8AAAABbNg3ZA"",""url"":""https://api.github.com/repos/microsoft/ga4gh-tes/labels/Deployability"",""name"":""Deployability"",""color"":""fef2c0"",""default"":false,""description"":""Enable TES is easy to deploy for end users""}]",2025-01-23 23:15:54.000000 UTC
wearypossum4770/dark-coding-challenges,opened,1130,Subtract the Product and Sum of Digits of an Integer,https://github.com/wearypossum4770/dark-coding-challenges/issues/1130,open,"[{""id"":8022713872,""node_id"":""LA_kwDONp7z0M8AAAAB3jDmEA"",""url"":""https://api.github.com/repos/wearypossum4770/dark-coding-challenges/labels/challenge"",""name"":""challenge"",""color"":""d4c5f9"",""default"":false,""description"":""""},{""id"":8022714187,""node_id"":""LA_kwDONp7z0M8AAAAB3jDnSw"",""url"":""https://api.github.com/repos/wearypossum4770/dark-coding-challenges/labels/easy"",""name"":""easy"",""color"":""0EE9C8"",""default"":false,""description"":""""}]",2025-01-23 23:15:30.000000 UTC
wearypossum4770/dark-coding-challenges,opened,1129,Students and Examinations,https://github.com/wearypossum4770/dark-coding-challenges/issues/1129,open,"[{""id"":8022713872,""node_id"":""LA_kwDONp7z0M8AAAAB3jDmEA"",""url"":""https://api.github.com/repos/wearypossum4770/dark-coding-challenges/labels/challenge"",""name"":""challenge"",""color"":""d4c5f9"",""default"":false,""description"":""""},{""id"":8022714187,""node_id"":""LA_kwDONp7z0M8AAAAB3jDnSw"",""url"":""https://api.github.com/repos/wearypossum4770/dark-coding-challenges/labels/easy"",""name"":""easy"",""color"":""0EE9C8"",""default"":false,""description"":""""}]",2025-01-23 23:15:26.000000 UTC
wearypossum4770/dark-coding-challenges,opened,1128,Traffic Light Controlled Intersection,https://github.com/wearypossum4770/dark-coding-challenges/issues/1128,open,"[{""id"":8022713872,""node_id"":""LA_kwDONp7z0M8AAAAB3jDmEA"",""url"":""https://api.github.com/repos/wearypossum4770/dark-coding-challenges/labels/challenge"",""name"":""challenge"",""color"":""d4c5f9"",""default"":false,""description"":""""},{""id"":8022714187,""node_id"":""LA_kwDONp7z0M8AAAAB3jDnSw"",""url"":""https://api.github.com/repos/wearypossum4770/dark-coding-challenges/labels/easy"",""name"":""easy"",""color"":""0EE9C8"",""default"":false,""description"":""""}]",2025-01-23 23:15:24.000000 UTC
wearypossum4770/dark-coding-challenges,opened,1124,Find Winner on a Tic Tac Toe Game,https://github.com/wearypossum4770/dark-coding-challenges/issues/1124,open,"[{""id"":8022713872,""node_id"":""LA_kwDONp7z0M8AAAAB3jDmEA"",""url"":""https://api.github.com/repos/wearypossum4770/dark-coding-challenges/labels/challenge"",""name"":""challenge"",""color"":""d4c5f9"",""default"":false,""description"":""""},{""id"":8022714187,""node_id"":""LA_kwDONp7z0M8AAAAB3jDnSw"",""url"":""https://api.github.com/repos/wearypossum4770/dark-coding-challenges/labels/easy"",""name"":""easy"",""color"":""0EE9C8"",""default"":false,""description"":""""}]",2025-01-23 23:15:11.000000 UTC
wearypossum4770/dark-coding-challenges,opened,1120,Hexspeak,https://github.com/wearypossum4770/dark-coding-challenges/issues/1120,open,"[{""id"":8022713872,""node_id"":""LA_kwDONp7z0M8AAAAB3jDmEA"",""url"":""https://api.github.com/repos/wearypossum4770/dark-coding-challenges/labels/challenge"",""name"":""challenge"",""color"":""d4c5f9"",""default"":false,""description"":""""},{""id"":8022714187,""node_id"":""LA_kwDONp7z0M8AAAAB3jDnSw"",""url"":""https://api.github.com/repos/wearypossum4770/dark-coding-challenges/labels/easy"",""name"":""easy"",""color"":""0EE9C8"",""default"":false,""description"":""""}]",2025-01-23 23:14:59.000000 UTC
wearypossum4770/dark-coding-challenges,opened,1115,Minimum Time Visiting All Points,https://github.com/wearypossum4770/dark-coding-challenges/issues/1115,open,"[{""id"":8022713872,""node_id"":""LA_kwDONp7z0M8AAAAB3jDmEA"",""url"":""https://api.github.com/repos/wearypossum4770/dark-coding-challenges/labels/challenge"",""name"":""challenge"",""color"":""d4c5f9"",""default"":false,""description"":""""},{""id"":8022714187,""node_id"":""LA_kwDONp7z0M8AAAAB3jDnSw"",""url"":""https://api.github.com/repos/wearypossum4770/dark-coding-challenges/labels/easy"",""name"":""easy"",""color"":""0EE9C8"",""default"":false,""description"":""""}]",2025-01-23 23:13:43.000000 UTC
aregtech/areg-sdk-tools,opened,137,Change data type name,https://github.com/aregtech/areg-sdk-tools/issues/137,open,"[{""id"":4845658227,""node_id"":""LA_kwDOIgrxEs8AAAABINLgcw"",""url"":""https://api.github.com/repos/aregtech/areg-sdk-tools/labels/bug"",""name"":""bug"",""color"":""d73a4a"",""default"":true,""description"":""Something isn't working""},{""id"":4845658235,""node_id"":""LA_kwDOIgrxEs8AAAABINLgew"",""url"":""https://api.github.com/repos/aregtech/areg-sdk-tools/labels/help%20wanted"",""name"":""help wanted"",""color"":""008672"",""default"":true,""description"":""Extra attention is needed""},{""id"":4845658237,""node_id"":""LA_kwDOIgrxEs8AAAABINLgfQ"",""url"":""https://api.github.com/repos/aregtech/areg-sdk-tools/labels/good%20first%20issue"",""name"":""good first issue"",""color"":""7057ff"",""default"":true,""description"":""Good for newcomers""}]",2025-01-23 23:13:37.000000 UTC
wearypossum4770/dark-coding-challenges,opened,1109,Shift 2D Grid,https://github.com/wearypossum4770/dark-coding-challenges/issues/1109,open,"[{""id"":8022713872,""node_id"":""LA_kwDONp7z0M8AAAAB3jDmEA"",""url"":""https://api.github.com/repos/wearypossum4770/dark-coding-challenges/labels/challenge"",""name"":""challenge"",""color"":""d4c5f9"",""default"":false,""description"":""""},{""id"":8022714187,""node_id"":""LA_kwDONp7z0M8AAAAB3jDnSw"",""url"":""https://api.github.com/repos/wearypossum4770/dark-coding-challenges/labels/easy"",""name"":""easy"",""color"":""0EE9C8"",""default"":false,""description"":""""}]",2025-01-23 23:13:25.000000 UTC
wearypossum4770/dark-coding-challenges,opened,1101,Cells with Odd Values in a Matrix,https://github.com/wearypossum4770/dark-coding-challenges/issues/1101,open,"[{""id"":8022713872,""node_id"":""LA_kwDONp7z0M8AAAAB3jDmEA"",""url"":""https://api.github.com/repos/wearypossum4770/dark-coding-challenges/labels/challenge"",""name"":""challenge"",""color"":""d4c5f9"",""default"":false,""description"":""""},{""id"":8022714187,""node_id"":""LA_kwDONp7z0M8AAAAB3jDnSw"",""url"":""https://api.github.com/repos/wearypossum4770/dark-coding-challenges/labels/easy"",""name"":""easy"",""color"":""0EE9C8"",""default"":false,""description"":""""}]",2025-01-23 23:13:01.000000 UTC
wearypossum4770/dark-coding-challenges,opened,1100,Average Selling Price,https://github.com/wearypossum4770/dark-coding-challenges/issues/1100,open,"[{""id"":8022713872,""node_id"":""LA_kwDONp7z0M8AAAAB3jDmEA"",""url"":""https://api.github.com/repos/wearypossum4770/dark-coding-challenges/labels/challenge"",""name"":""challenge"",""color"":""d4c5f9"",""default"":false,""description"":""""},{""id"":8022714187,""node_id"":""LA_kwDONp7z0M8AAAAB3jDnSw"",""url"":""https://api.github.com/repos/wearypossum4770/dark-coding-challenges/labels/easy"",""name"":""easy"",""color"":""0EE9C8"",""default"":false,""description"":""""}]",2025-01-23 23:12:58.000000 UTC
contrastellar/raid-callouts,opened,12,Display an error message when callout is submitted for a date in the past,https://github.com/contrastellar/raid-callouts/issues/12,open,"[{""id"":6888961737,""node_id"":""LA_kwDOL1Ft3s8AAAABmp02yQ"",""url"":""https://api.github.com/repos/contrastellar/raid-callouts/labels/enhancement"",""name"":""enhancement"",""color"":""a2eeef"",""default"":true,""description"":""New feature or request""},{""id"":6888961741,""node_id"":""LA_kwDOL1Ft3s8AAAABmp02zQ"",""url"":""https://api.github.com/repos/contrastellar/raid-callouts/labels/good%20first%20issue"",""name"":""good first issue"",""color"":""7057ff"",""default"":true,""description"":""Good for newcomers""}]",2025-01-23 23:09:53.000000 UTC
easydiffusion/easydiffusion,opened,1890,"Easy Diffusion Error Problem, does not working anymore",https://github.com/easydiffusion/easydiffusion/issues/1890,open,"[{""id"":4456603066,""node_id"":""LA_kwDOH3r2HM8AAAABCaJdug"",""url"":""https://api.github.com/repos/easydiffusion/easydiffusion/labels/bug"",""name"":""bug"",""color"":""d73a4a"",""default"":true,""description"":""Something isn't working""}]",2025-01-23 23:01:40.000000 UTC
easydiffusion/easydiffusion,opened,1889,"Easy Diffusion Error Problem, does not working anymore",https://github.com/easydiffusion/easydiffusion/issues/1889,open,"[{""id"":4456603066,""node_id"":""LA_kwDOH3r2HM8AAAABCaJdug"",""url"":""https://api.github.com/repos/easydiffusion/easydiffusion/labels/bug"",""name"":""bug"",""color"":""d73a4a"",""default"":true,""description"":""Something isn't working""}]",2025-01-23 23:01:29.000000 UTC
IldySilva/SnapInk,opened,35,Add Optional watermark,https://github.com/IldySilva/SnapInk/issues/35,open,"[{""id"":7501447200,""node_id"":""LA_kwDOM1iKCM8AAAABvx8AIA"",""url"":""https://api.github.com/repos/IldySilva/SnapInk/labels/enhancement"",""name"":""enhancement"",""color"":""a2eeef"",""default"":true,""description"":""New feature or request""},{""id"":7501447202,""node_id"":""LA_kwDOM1iKCM8AAAABvx8AIg"",""url"":""https://api.github.com/repos/IldySilva/SnapInk/labels/good%20first%20issue"",""name"":""good first issue"",""color"":""7057ff"",""default"":true,""description"":""Good for newcomers""}]",2025-01-23 22:57:56.000000 UTC
BDadmehr0/Docs-Python-3,opened,7,README.md Content tabel link to Docs fix,https://github.com/BDadmehr0/Docs-Python-3/issues/7,open,"[{""id"":7591634656,""node_id"":""LA_kwDOM-_BOc8AAAABxH8m4A"",""url"":""https://api.github.com/repos/BDadmehr0/Docs-Python-3/labels/documentation"",""name"":""documentation"",""color"":""0075ca"",""default"":true,""description"":""Improvements or additions to documentation""},{""id"":7591634662,""node_id"":""LA_kwDOM-_BOc8AAAABxH8m5g"",""url"":""https://api.github.com/repos/BDadmehr0/Docs-Python-3/labels/enhancement"",""name"":""enhancement"",""color"":""a2eeef"",""default"":true,""description"":""New feature or request""},{""id"":7591634669,""node_id"":""LA_kwDOM-_BOc8AAAABxH8m7Q"",""url"":""https://api.github.com/repos/BDadmehr0/Docs-Python-3/labels/good%20first%20issue"",""name"":""good first issue"",""color"":""7057ff"",""default"":true,""description"":""Good for newcomers""}]",2025-01-23 22:57:29.000000 UTC
BDadmehr0/Docs-Python-3,opened,6,translate python doc to persian,https://github.com/BDadmehr0/Docs-Python-3/issues/6,open,"[{""id"":7591634656,""node_id"":""LA_kwDOM-_BOc8AAAABxH8m4A"",""url"":""https://api.github.com/repos/BDadmehr0/Docs-Python-3/labels/documentation"",""name"":""documentation"",""color"":""0075ca"",""default"":true,""description"":""Improvements or additions to documentation""},{""id"":7591634662,""node_id"":""LA_kwDOM-_BOc8AAAABxH8m5g"",""url"":""https://api.github.com/repos/BDadmehr0/Docs-Python-3/labels/enhancement"",""name"":""enhancement"",""color"":""a2eeef"",""default"":true,""description"":""New feature or request""},{""id"":7591634669,""node_id"":""LA_kwDOM-_BOc8AAAABxH8m7Q"",""url"":""https://api.github.com/repos/BDadmehr0/Docs-Python-3/labels/good%20first%20issue"",""name"":""good first issue"",""color"":""7057ff"",""default"":true,""description"":""Good for newcomers""}]",2025-01-23 22:55:20.000000 UTC
ShadowMario/FNF-PsychEngine,opened,16190,I keep getting these erros on my haxe script,https://github.com/ShadowMario/FNF-PsychEngine/issues/16190,open,"[{""id"":3149894275,""node_id"":""MDU6TGFiZWwzMTQ5ODk0Mjc1"",""url"":""https://api.github.com/repos/ShadowMario/FNF-PsychEngine/labels/help%20wanted"",""name"":""help wanted"",""color"":""008672"",""default"":true,""description"":""Extra attention is needed""}]",2025-01-23 22:54:50.000000 UTC
TETvega/ClassNotes-BE,opened,8,Crear datos JSON del seeder de prueba,https://github.com/TETvega/ClassNotes-BE/issues/8,open,"[{""id"":8041918446,""node_id"":""LA_kwDONuM1Qs8AAAAB31Xv7g"",""url"":""https://api.github.com/repos/TETvega/ClassNotes-BE/labels/enhancement"",""name"":""enhancement"",""color"":""a2eeef"",""default"":true,""description"":""Nueva caracter√≠stica o solicitud.""},{""id"":8041918450,""node_id"":""LA_kwDONuM1Qs8AAAAB31Xv8g"",""url"":""https://api.github.com/repos/TETvega/ClassNotes-BE/labels/help%20wanted"",""name"":""help wanted"",""color"":""008672"",""default"":true,""description"":""Se necesita atenci√≥n adicional.""}]",2025-01-23 22:45:44.000000 UTC
KAWATKONGCALEUM/Biwsomsom,opened,5,T,https://github.com/KAWATKONGCALEUM/Biwsomsom/issues/5,open,"[{""id"":5734146206,""node_id"":""LA_kwDOJ7a0CM8AAAABVcggng"",""url"":""https://api.github.com/repos/KAWATKONGCALEUM/Biwsomsom/labels/bug"",""name"":""bug"",""color"":""d73a4a"",""default"":true,""description"":""Something isn't working""},{""id"":5734146213,""node_id"":""LA_kwDOJ7a0CM8AAAABVcggpQ"",""url"":""https://api.github.com/repos/KAWATKONGCALEUM/Biwsomsom/labels/documentation"",""name"":""documentation"",""color"":""0075ca"",""default"":true,""description"":""Improvements or additions to documentation""},{""id"":5734146218,""node_id"":""LA_kwDOJ7a0CM8AAAABVcggqg"",""url"":""https://api.github.com/repos/KAWATKONGCALEUM/Biwsomsom/labels/duplicate"",""name"":""duplicate"",""color"":""cfd3d7"",""default"":true,""description"":""This issue or pull request already exists""},{""id"":5734146222,""node_id"":""LA_kwDOJ7a0CM8AAAABVcggrg"",""url"":""https://api.github.com/repos/KAWATKONGCALEUM/Biwsomsom/labels/enhancement"",""name"":""enhancement"",""color"":""a2eeef"",""default"":true,""description"":""New feature or request""},{""id"":5734146227,""node_id"":""LA_kwDOJ7a0CM8AAAABVcggsw"",""url"":""https://api.github.com/repos/KAWATKONGCALEUM/Biwsomsom/labels/help%20wanted"",""name"":""help wanted"",""color"":""008672"",""default"":true,""description"":""Extra attention is needed""},{""id"":5734146233,""node_id"":""LA_kwDOJ7a0CM8AAAABVcgguQ"",""url"":""https://api.github.com/repos/KAWATKONGCALEUM/Biwsomsom/labels/good%20first%20issue"",""name"":""good first issue"",""color"":""7057ff"",""default"":true,""description"":""Good for newcomers""},{""id"":5734146237,""node_id"":""LA_kwDOJ7a0CM8AAAABVcggvQ"",""url"":""https://api.github.com/repos/KAWATKONGCALEUM/Biwsomsom/labels/invalid"",""name"":""invalid"",""color"":""e4e669"",""default"":true,""description"":""This doesn't seem right""},{""id"":5734146244,""node_id"":""LA_kwDOJ7a0CM8AAAABVcggxA"",""url"":""https://api.github.com/repos/KAWATKONGCALEUM/Biwsomsom/labels/question"",""name"":""question"",""color"":""d876e3"",""default"":true,""description"":""Further information is requested""},{""id"":5734146250,""node_id"":""LA_kwDOJ7a0CM8AAAABVcggyg"",""url"":""https://api.github.com/repos/KAWATKONGCALEUM/Biwsomsom/labels/wontfix"",""name"":""wontfix"",""color"":""ffffff"",""default"":true,""description"":""This will not be worked on""}]",2025-01-23 22:42:17.000000 UTC
wearypossum4770/dark-coding-challenges,opened,1094,Minimum Cost to Move Chips to The Same Position,https://github.com/wearypossum4770/dark-coding-challenges/issues/1094,open,"[{""id"":8022713872,""node_id"":""LA_kwDONp7z0M8AAAAB3jDmEA"",""url"":""https://api.github.com/repos/wearypossum4770/dark-coding-challenges/labels/challenge"",""name"":""challenge"",""color"":""d4c5f9"",""default"":false,""description"":""""},{""id"":8022714187,""node_id"":""LA_kwDONp7z0M8AAAAB3jDnSw"",""url"":""https://api.github.com/repos/wearypossum4770/dark-coding-challenges/labels/easy"",""name"":""easy"",""color"":""0EE9C8"",""default"":false,""description"":""""}]",2025-01-23 22:42:06.000000 UTC
wearypossum4770/dark-coding-challenges,opened,1090,Intersection of Three Sorted Arrays,https://github.com/wearypossum4770/dark-coding-challenges/issues/1090,open,"[{""id"":8022713872,""node_id"":""LA_kwDONp7z0M8AAAAB3jDmEA"",""url"":""https://api.github.com/repos/wearypossum4770/dark-coding-challenges/labels/challenge"",""name"":""challenge"",""color"":""d4c5f9"",""default"":false,""description"":""""},{""id"":8022714187,""node_id"":""LA_kwDONp7z0M8AAAAB3jDnSw"",""url"":""https://api.github.com/repos/wearypossum4770/dark-coding-challenges/labels/easy"",""name"":""easy"",""color"":""0EE9C8"",""default"":false,""description"":""""}]",2025-01-23 22:41:53.000000 UTC
wearypossum4770/dark-coding-challenges,opened,1088,Queries Quality and Percentage,https://github.com/wearypossum4770/dark-coding-challenges/issues/1088,open,"[{""id"":8022713872,""node_id"":""LA_kwDONp7z0M8AAAAB3jDmEA"",""url"":""https://api.github.com/repos/wearypossum4770/dark-coding-challenges/labels/challenge"",""name"":""challenge"",""color"":""d4c5f9"",""default"":false,""description"":""""},{""id"":8022714187,""node_id"":""LA_kwDONp7z0M8AAAAB3jDnSw"",""url"":""https://api.github.com/repos/wearypossum4770/dark-coding-challenges/labels/easy"",""name"":""easy"",""color"":""0EE9C8"",""default"":false,""description"":""""}]",2025-01-23 22:41:48.000000 UTC
wearypossum4770/dark-coding-challenges,opened,1085,Unique Number of Occurrences,https://github.com/wearypossum4770/dark-coding-challenges/issues/1085,open,"[{""id"":8022713872,""node_id"":""LA_kwDONp7z0M8AAAAB3jDmEA"",""url"":""https://api.github.com/repos/wearypossum4770/dark-coding-challenges/labels/challenge"",""name"":""challenge"",""color"":""d4c5f9"",""default"":false,""description"":""""},{""id"":8022714187,""node_id"":""LA_kwDONp7z0M8AAAAB3jDnSw"",""url"":""https://api.github.com/repos/wearypossum4770/dark-coding-challenges/labels/easy"",""name"":""easy"",""color"":""0EE9C8"",""default"":false,""description"":""""}]",2025-01-23 22:40:35.000000 UTC
wearypossum4770/dark-coding-challenges,opened,1074,How Many Apples Can You Put into the Basket,https://github.com/wearypossum4770/dark-coding-challenges/issues/1074,open,"[{""id"":8022713872,""node_id"":""LA_kwDONp7z0M8AAAAB3jDmEA"",""url"":""https://api.github.com/repos/wearypossum4770/dark-coding-challenges/labels/challenge"",""name"":""challenge"",""color"":""d4c5f9"",""default"":false,""description"":""""},{""id"":8022714187,""node_id"":""LA_kwDONp7z0M8AAAAB3jDnSw"",""url"":""https://api.github.com/repos/wearypossum4770/dark-coding-challenges/labels/easy"",""name"":""easy"",""color"":""0EE9C8"",""default"":false,""description"":""""}]",2025-01-23 22:40:03.000000 UTC
wearypossum4770/dark-coding-challenges,opened,1067,Maximum Number of Balloons,https://github.com/wearypossum4770/dark-coding-challenges/issues/1067,open,"[{""id"":8022713872,""node_id"":""LA_kwDONp7z0M8AAAAB3jDmEA"",""url"":""https://api.github.com/repos/wearypossum4770/dark-coding-challenges/labels/challenge"",""name"":""challenge"",""color"":""d4c5f9"",""default"":false,""description"":""""},{""id"":8022714187,""node_id"":""LA_kwDONp7z0M8AAAAB3jDnSw"",""url"":""https://api.github.com/repos/wearypossum4770/dark-coding-challenges/labels/easy"",""name"":""easy"",""color"":""0EE9C8"",""default"":false,""description"":""""}]",2025-01-23 22:39:41.000000 UTC
wearypossum4770/dark-coding-challenges,opened,1063,Day of the Week,https://github.com/wearypossum4770/dark-coding-challenges/issues/1063,open,"[{""id"":8022713872,""node_id"":""LA_kwDONp7z0M8AAAAB3jDmEA"",""url"":""https://api.github.com/repos/wearypossum4770/dark-coding-challenges/labels/challenge"",""name"":""challenge"",""color"":""d4c5f9"",""default"":false,""description"":""""},{""id"":8022714187,""node_id"":""LA_kwDONp7z0M8AAAAB3jDnSw"",""url"":""https://api.github.com/repos/wearypossum4770/dark-coding-challenges/labels/easy"",""name"":""easy"",""color"":""0EE9C8"",""default"":false,""description"":""""}]",2025-01-23 22:38:29.000000 UTC
wearypossum4770/dark-coding-challenges,opened,1062,Distance Between Bus Stops,https://github.com/wearypossum4770/dark-coding-challenges/issues/1062,open,"[{""id"":8022713872,""node_id"":""LA_kwDONp7z0M8AAAAB3jDmEA"",""url"":""https://api.github.com/repos/wearypossum4770/dark-coding-challenges/labels/challenge"",""name"":""challenge"",""color"":""d4c5f9"",""default"":false,""description"":""""},{""id"":8022714187,""node_id"":""LA_kwDONp7z0M8AAAAB3jDnSw"",""url"":""https://api.github.com/repos/wearypossum4770/dark-coding-challenges/labels/easy"",""name"":""easy"",""color"":""0EE9C8"",""default"":false,""description"":""""}]",2025-01-23 22:38:26.000000 UTC
wearypossum4770/dark-coding-challenges,opened,1058,Count Substrings with Only One Distinct Letter,https://github.com/wearypossum4770/dark-coding-challenges/issues/1058,open,"[{""id"":8022713872,""node_id"":""LA_kwDONp7z0M8AAAAB3jDmEA"",""url"":""https://api.github.com/repos/wearypossum4770/dark-coding-challenges/labels/challenge"",""name"":""challenge"",""color"":""d4c5f9"",""default"":false,""description"":""""},{""id"":8022714187,""node_id"":""LA_kwDONp7z0M8AAAAB3jDnSw"",""url"":""https://api.github.com/repos/wearypossum4770/dark-coding-challenges/labels/easy"",""name"":""easy"",""color"":""0EE9C8"",""default"":false,""description"":""""}]",2025-01-23 22:38:14.000000 UTC
wearypossum4770/dark-coding-challenges,opened,1057,Reformat Department Table,https://github.com/wearypossum4770/dark-coding-challenges/issues/1057,open,"[{""id"":8022713872,""node_id"":""LA_kwDONp7z0M8AAAAB3jDmEA"",""url"":""https://api.github.com/repos/wearypossum4770/dark-coding-challenges/labels/challenge"",""name"":""challenge"",""color"":""d4c5f9"",""default"":false,""description"":""""},{""id"":8022714187,""node_id"":""LA_kwDONp7z0M8AAAAB3jDnSw"",""url"":""https://api.github.com/repos/wearypossum4770/dark-coding-challenges/labels/easy"",""name"":""easy"",""color"":""0EE9C8"",""default"":false,""description"":""""}]",2025-01-23 22:38:11.000000 UTC
wearypossum4770/dark-coding-challenges,opened,1054,Diet Plan Performance,https://github.com/wearypossum4770/dark-coding-challenges/issues/1054,open,"[{""id"":8022713872,""node_id"":""LA_kwDONp7z0M8AAAAB3jDmEA"",""url"":""https://api.github.com/repos/wearypossum4770/dark-coding-challenges/labels/challenge"",""name"":""challenge"",""color"":""d4c5f9"",""default"":false,""description"":""""},{""id"":8022714187,""node_id"":""LA_kwDONp7z0M8AAAAB3jDnSw"",""url"":""https://api.github.com/repos/wearypossum4770/dark-coding-challenges/labels/easy"",""name"":""easy"",""color"":""0EE9C8"",""default"":false,""description"":""""}]",2025-01-23 22:38:02.000000 UTC
wearypossum4770/dark-coding-challenges,opened,1053,Prime Arrangements,https://github.com/wearypossum4770/dark-coding-challenges/issues/1053,open,"[{""id"":8022713872,""node_id"":""LA_kwDONp7z0M8AAAAB3jDmEA"",""url"":""https://api.github.com/repos/wearypossum4770/dark-coding-challenges/labels/challenge"",""name"":""challenge"",""color"":""d4c5f9"",""default"":false,""description"":""""},{""id"":8022714187,""node_id"":""LA_kwDONp7z0M8AAAAB3jDnSw"",""url"":""https://api.github.com/repos/wearypossum4770/dark-coding-challenges/labels/easy"",""name"":""easy"",""color"":""0EE9C8"",""default"":false,""description"":""""}]",2025-01-23 22:37:58.000000 UTC
wearypossum4770/dark-coding-challenges,opened,1051,Immediate Food Delivery I,https://github.com/wearypossum4770/dark-coding-challenges/issues/1051,open,"[{""id"":8022713872,""node_id"":""LA_kwDONp7z0M8AAAAB3jDmEA"",""url"":""https://api.github.com/repos/wearypossum4770/dark-coding-challenges/labels/challenge"",""name"":""challenge"",""color"":""d4c5f9"",""default"":false,""description"":""""},{""id"":8022714187,""node_id"":""LA_kwDONp7z0M8AAAAB3jDnSw"",""url"":""https://api.github.com/repos/wearypossum4770/dark-coding-challenges/labels/easy"",""name"":""easy"",""color"":""0EE9C8"",""default"":false,""description"":""""}]",2025-01-23 22:37:53.000000 UTC
michaelachrisco/accelapy,opened,9,Add new API settings and inspection endpoints when needed,https://github.com/michaelachrisco/accelapy/issues/9,open,"[{""id"":7653196143,""node_id"":""LA_kwDONFcJHc8AAAAByCqBbw"",""url"":""https://api.github.com/repos/michaelachrisco/accelapy/labels/enhancement"",""name"":""enhancement"",""color"":""a2eeef"",""default"":true,""description"":""New feature or request""},{""id"":7653196147,""node_id"":""LA_kwDONFcJHc8AAAAByCqBcw"",""url"":""https://api.github.com/repos/michaelachrisco/accelapy/labels/good%20first%20issue"",""name"":""good first issue"",""color"":""7057ff"",""default"":true,""description"":""Good for newcomers""}]",2025-01-23 22:36:50.000000 UTC
wearypossum4770/dark-coding-challenges,opened,1044,Single-Row Keyboard,https://github.com/wearypossum4770/dark-coding-challenges/issues/1044,open,"[{""id"":8022713872,""node_id"":""LA_kwDONp7z0M8AAAAB3jDmEA"",""url"":""https://api.github.com/repos/wearypossum4770/dark-coding-challenges/labels/challenge"",""name"":""challenge"",""color"":""d4c5f9"",""default"":false,""description"":""""},{""id"":8022714187,""node_id"":""LA_kwDONp7z0M8AAAAB3jDnSw"",""url"":""https://api.github.com/repos/wearypossum4770/dark-coding-challenges/labels/easy"",""name"":""easy"",""color"":""0EE9C8"",""default"":false,""description"":""""}]",2025-01-23 22:36:29.000000 UTC
wearypossum4770/dark-coding-challenges,opened,1039,Find Words That Can Be Formed by Characters,https://github.com/wearypossum4770/dark-coding-challenges/issues/1039,open,"[{""id"":8022713872,""node_id"":""LA_kwDONp7z0M8AAAAB3jDmEA"",""url"":""https://api.github.com/repos/wearypossum4770/dark-coding-challenges/labels/challenge"",""name"":""challenge"",""color"":""d4c5f9"",""default"":false,""description"":""""},{""id"":8022714187,""node_id"":""LA_kwDONp7z0M8AAAAB3jDnSw"",""url"":""https://api.github.com/repos/wearypossum4770/dark-coding-challenges/labels/easy"",""name"":""easy"",""color"":""0EE9C8"",""default"":false,""description"":""""}]",2025-01-23 22:36:14.000000 UTC
wearypossum4770/dark-coding-challenges,opened,1033,Day of the Year,https://github.com/wearypossum4770/dark-coding-challenges/issues/1033,open,"[{""id"":8022713872,""node_id"":""LA_kwDONp7z0M8AAAAB3jDmEA"",""url"":""https://api.github.com/repos/wearypossum4770/dark-coding-challenges/labels/challenge"",""name"":""challenge"",""color"":""d4c5f9"",""default"":false,""description"":""""},{""id"":8022714187,""node_id"":""LA_kwDONp7z0M8AAAAB3jDnSw"",""url"":""https://api.github.com/repos/wearypossum4770/dark-coding-challenges/labels/easy"",""name"":""easy"",""color"":""0EE9C8"",""default"":false,""description"":""""}]",2025-01-23 22:35:56.000000 UTC
wearypossum4770/dark-coding-challenges,opened,1029,Check If a Number Is Majority Element in a Sorted Array,https://github.com/wearypossum4770/dark-coding-challenges/issues/1029,open,"[{""id"":8022713872,""node_id"":""LA_kwDONp7z0M8AAAAB3jDmEA"",""url"":""https://api.github.com/repos/wearypossum4770/dark-coding-challenges/labels/challenge"",""name"":""challenge"",""color"":""d4c5f9"",""default"":false,""description"":""""},{""id"":8022714187,""node_id"":""LA_kwDONp7z0M8AAAAB3jDnSw"",""url"":""https://api.github.com/repos/wearypossum4770/dark-coding-challenges/labels/easy"",""name"":""easy"",""color"":""0EE9C8"",""default"":false,""description"":""""}]",2025-01-23 22:35:44.000000 UTC
wearypossum4770/dark-coding-challenges,opened,1027,Article Views I,https://github.com/wearypossum4770/dark-coding-challenges/issues/1027,open,"[{""id"":8022713872,""node_id"":""LA_kwDONp7z0M8AAAAB3jDmEA"",""url"":""https://api.github.com/repos/wearypossum4770/dark-coding-challenges/labels/challenge"",""name"":""challenge"",""color"":""d4c5f9"",""default"":false,""description"":""""},{""id"":8022714187,""node_id"":""LA_kwDONp7z0M8AAAAB3jDnSw"",""url"":""https://api.github.com/repos/wearypossum4770/dark-coding-challenges/labels/easy"",""name"":""easy"",""color"":""0EE9C8"",""default"":false,""description"":""""}]",2025-01-23 22:35:38.000000 UTC
wearypossum4770/dark-coding-challenges,opened,1021,User Activity for the Past 30 Days II,https://github.com/wearypossum4770/dark-coding-challenges/issues/1021,open,"[{""id"":8022713872,""node_id"":""LA_kwDONp7z0M8AAAAB3jDmEA"",""url"":""https://api.github.com/repos/wearypossum4770/dark-coding-challenges/labels/challenge"",""name"":""challenge"",""color"":""d4c5f9"",""default"":false,""description"":""""},{""id"":8022714187,""node_id"":""LA_kwDONp7z0M8AAAAB3jDnSw"",""url"":""https://api.github.com/repos/wearypossum4770/dark-coding-challenges/labels/easy"",""name"":""easy"",""color"":""0EE9C8"",""default"":false,""description"":""""}]",2025-01-23 22:34:18.000000 UTC
wearypossum4770/dark-coding-challenges,opened,1020,User Activity for the Past 30 Days I,https://github.com/wearypossum4770/dark-coding-challenges/issues/1020,open,"[{""id"":8022713872,""node_id"":""LA_kwDONp7z0M8AAAAB3jDmEA"",""url"":""https://api.github.com/repos/wearypossum4770/dark-coding-challenges/labels/challenge"",""name"":""challenge"",""color"":""d4c5f9"",""default"":false,""description"":""""},{""id"":8022714187,""node_id"":""LA_kwDONp7z0M8AAAAB3jDnSw"",""url"":""https://api.github.com/repos/wearypossum4770/dark-coding-challenges/labels/easy"",""name"":""easy"",""color"":""0EE9C8"",""default"":false,""description"":""""}]",2025-01-23 22:34:15.000000 UTC
wearypossum4770/dark-coding-challenges,opened,1016,N-th Tribonacci Number,https://github.com/wearypossum4770/dark-coding-challenges/issues/1016,open,"[{""id"":8022713872,""node_id"":""LA_kwDONp7z0M8AAAAB3jDmEA"",""url"":""https://api.github.com/repos/wearypossum4770/dark-coding-challenges/labels/challenge"",""name"":""challenge"",""color"":""d4c5f9"",""default"":false,""description"":""""},{""id"":8022714187,""node_id"":""LA_kwDONp7z0M8AAAAB3jDnSw"",""url"":""https://api.github.com/repos/wearypossum4770/dark-coding-challenges/labels/easy"",""name"":""easy"",""color"":""0EE9C8"",""default"":false,""description"":""""}]",2025-01-23 22:34:03.000000 UTC
wearypossum4770/dark-coding-challenges,opened,1012,Largest Unique Number,https://github.com/wearypossum4770/dark-coding-challenges/issues/1012,open,"[{""id"":8022713872,""node_id"":""LA_kwDONp7z0M8AAAAB3jDmEA"",""url"":""https://api.github.com/repos/wearypossum4770/dark-coding-challenges/labels/challenge"",""name"":""challenge"",""color"":""d4c5f9"",""default"":false,""description"":""""},{""id"":8022714187,""node_id"":""LA_kwDONp7z0M8AAAAB3jDnSw"",""url"":""https://api.github.com/repos/wearypossum4770/dark-coding-challenges/labels/easy"",""name"":""easy"",""color"":""0EE9C8"",""default"":false,""description"":""""}]",2025-01-23 22:33:50.000000 UTC
wearypossum4770/dark-coding-challenges,opened,1007,Number of Equivalent Domino Pairs,https://github.com/wearypossum4770/dark-coding-challenges/issues/1007,open,"[{""id"":8022713872,""node_id"":""LA_kwDONp7z0M8AAAAB3jDmEA"",""url"":""https://api.github.com/repos/wearypossum4770/dark-coding-challenges/labels/challenge"",""name"":""challenge"",""color"":""d4c5f9"",""default"":false,""description"":""""},{""id"":8022714187,""node_id"":""LA_kwDONp7z0M8AAAAB3jDnSw"",""url"":""https://api.github.com/repos/wearypossum4770/dark-coding-challenges/labels/easy"",""name"":""easy"",""color"":""0EE9C8"",""default"":false,""description"":""""}]",2025-01-23 22:33:35.000000 UTC
wearypossum4770/dark-coding-challenges,opened,1001,Relative Sort Array,https://github.com/wearypossum4770/dark-coding-challenges/issues/1001,open,"[{""id"":8022713872,""node_id"":""LA_kwDONp7z0M8AAAAB3jDmEA"",""url"":""https://api.github.com/repos/wearypossum4770/dark-coding-challenges/labels/challenge"",""name"":""challenge"",""color"":""d4c5f9"",""default"":false,""description"":""""},{""id"":8022714187,""node_id"":""LA_kwDONp7z0M8AAAAB3jDnSw"",""url"":""https://api.github.com/repos/wearypossum4770/dark-coding-challenges/labels/easy"",""name"":""easy"",""color"":""0EE9C8"",""default"":false,""description"":""""}]",2025-01-23 22:32:17.000000 UTC
wearypossum4770/dark-coding-challenges,opened,998,Remove Vowels from a String,https://github.com/wearypossum4770/dark-coding-challenges/issues/998,open,"[{""id"":8022713872,""node_id"":""LA_kwDONp7z0M8AAAAB3jDmEA"",""url"":""https://api.github.com/repos/wearypossum4770/dark-coding-challenges/labels/challenge"",""name"":""challenge"",""color"":""d4c5f9"",""default"":false,""description"":""""},{""id"":8022714187,""node_id"":""LA_kwDONp7z0M8AAAAB3jDnSw"",""url"":""https://api.github.com/repos/wearypossum4770/dark-coding-challenges/labels/easy"",""name"":""easy"",""color"":""0EE9C8"",""default"":false,""description"":""""}]",2025-01-23 22:32:08.000000 UTC
wearypossum4770/dark-coding-challenges,opened,997,Number of Days in a Month,https://github.com/wearypossum4770/dark-coding-challenges/issues/997,open,"[{""id"":8022713872,""node_id"":""LA_kwDONp7z0M8AAAAB3jDmEA"",""url"":""https://api.github.com/repos/wearypossum4770/dark-coding-challenges/labels/challenge"",""name"":""challenge"",""color"":""d4c5f9"",""default"":false,""description"":""""},{""id"":8022714187,""node_id"":""LA_kwDONp7z0M8AAAAB3jDnSw"",""url"":""https://api.github.com/repos/wearypossum4770/dark-coding-challenges/labels/easy"",""name"":""easy"",""color"":""0EE9C8"",""default"":false,""description"":""""}]",2025-01-23 22:32:05.000000 UTC
wearypossum4770/dark-coding-challenges,opened,993,Print in Order,https://github.com/wearypossum4770/dark-coding-challenges/issues/993,open,"[{""id"":8022713872,""node_id"":""LA_kwDONp7z0M8AAAAB3jDmEA"",""url"":""https://api.github.com/repos/wearypossum4770/dark-coding-challenges/labels/challenge"",""name"":""challenge"",""color"":""d4c5f9"",""default"":false,""description"":""""},{""id"":8022714187,""node_id"":""LA_kwDONp7z0M8AAAAB3jDnSw"",""url"":""https://api.github.com/repos/wearypossum4770/dark-coding-challenges/labels/easy"",""name"":""easy"",""color"":""0EE9C8"",""default"":false,""description"":""""}]",2025-01-23 22:31:53.000000 UTC
wearypossum4770/dark-coding-challenges,opened,992,Reported Posts,https://github.com/wearypossum4770/dark-coding-challenges/issues/992,open,"[{""id"":8022713872,""node_id"":""LA_kwDONp7z0M8AAAAB3jDmEA"",""url"":""https://api.github.com/repos/wearypossum4770/dark-coding-challenges/labels/challenge"",""name"":""challenge"",""color"":""d4c5f9"",""default"":false,""description"":""""},{""id"":8022714187,""node_id"":""LA_kwDONp7z0M8AAAAB3jDnSw"",""url"":""https://api.github.com/repos/wearypossum4770/dark-coding-challenges/labels/easy"",""name"":""easy"",""color"":""0EE9C8"",""default"":false,""description"":""""}]",2025-01-23 22:31:50.000000 UTC
wearypossum4770/dark-coding-challenges,opened,987,Defanging an IP Address,https://github.com/wearypossum4770/dark-coding-challenges/issues/987,open,"[{""id"":8022713872,""node_id"":""LA_kwDONp7z0M8AAAAB3jDmEA"",""url"":""https://api.github.com/repos/wearypossum4770/dark-coding-challenges/labels/challenge"",""name"":""challenge"",""color"":""d4c5f9"",""default"":false,""description"":""""},{""id"":8022714187,""node_id"":""LA_kwDONp7z0M8AAAAB3jDnSw"",""url"":""https://api.github.com/repos/wearypossum4770/dark-coding-challenges/labels/easy"",""name"":""easy"",""color"":""0EE9C8"",""default"":false,""description"":""""}]",2025-01-23 22:31:35.000000 UTC
wearypossum4770/dark-coding-challenges,opened,982,Distribute Candies to People,https://github.com/wearypossum4770/dark-coding-challenges/issues/982,open,"[{""id"":8022713872,""node_id"":""LA_kwDONp7z0M8AAAAB3jDmEA"",""url"":""https://api.github.com/repos/wearypossum4770/dark-coding-challenges/labels/challenge"",""name"":""challenge"",""color"":""d4c5f9"",""default"":false,""description"":""""},{""id"":8022714187,""node_id"":""LA_kwDONp7z0M8AAAAB3jDnSw"",""url"":""https://api.github.com/repos/wearypossum4770/dark-coding-challenges/labels/easy"",""name"":""easy"",""color"":""0EE9C8"",""default"":false,""description"":""""}]",2025-01-23 22:30:19.000000 UTC
HopkinsIDD/flepiMoP,opened,484,[Feature request]: Clear Warning From `gempyor.statistics.Statistic.llik` When Any Entries Are Not Finite,https://github.com/HopkinsIDD/flepiMoP/issues/484,open,"[{""id"":5181827170,""node_id"":""LA_kwDOJAtgtM8AAAABNNxoYg"",""url"":""https://api.github.com/repos/HopkinsIDD/flepiMoP/labels/enhancement"",""name"":""enhancement"",""color"":""a2eeef"",""default"":true,""description"":""Request for improvement or addition of new feature(s).""},{""id"":5405354119,""node_id"":""LA_kwDOJAtgtM8AAAABQi8ohw"",""url"":""https://api.github.com/repos/HopkinsIDD/flepiMoP/labels/gempyor"",""name"":""gempyor"",""color"":""F875A8"",""default"":false,""description"":""Concerns the Python core.""},{""id"":6119537469,""node_id"":""LA_kwDOJAtgtM8AAAABbMC7PQ"",""url"":""https://api.github.com/repos/HopkinsIDD/flepiMoP/labels/high%20priority"",""name"":""high priority"",""color"":""B60205"",""default"":false,""description"":""High priority.""},{""id"":6203990708,""node_id"":""LA_kwDOJAtgtM8AAAABcclitA"",""url"":""https://api.github.com/repos/HopkinsIDD/flepiMoP/labels/quick%20issue"",""name"":""quick issue"",""color"":""C81FF7"",""default"":false,""description"":""Short or easy fix.""},{""id"":7700928909,""node_id"":""LA_kwDOJAtgtM8AAAABywLZjQ"",""url"":""https://api.github.com/repos/HopkinsIDD/flepiMoP/labels/inference"",""name"":""inference"",""color"":""1d76db"",""default"":false,""description"":""Concerns the parameter inference framework.""}]",2025-01-23 22:30:11.000000 UTC
wearypossum4770/dark-coding-challenges,opened,978,Two Sum Less Than K,https://github.com/wearypossum4770/dark-coding-challenges/issues/978,open,"[{""id"":8022713872,""node_id"":""LA_kwDONp7z0M8AAAAB3jDmEA"",""url"":""https://api.github.com/repos/wearypossum4770/dark-coding-challenges/labels/challenge"",""name"":""challenge"",""color"":""d4c5f9"",""default"":false,""description"":""""},{""id"":8022714187,""node_id"":""LA_kwDONp7z0M8AAAAB3jDnSw"",""url"":""https://api.github.com/repos/wearypossum4770/dark-coding-challenges/labels/easy"",""name"":""easy"",""color"":""0EE9C8"",""default"":false,""description"":""""}]",2025-01-23 22:30:07.000000 UTC
wearypossum4770/dark-coding-challenges,opened,968,Duplicate Zeros,https://github.com/wearypossum4770/dark-coding-challenges/issues/968,open,"[{""id"":8022713872,""node_id"":""LA_kwDONp7z0M8AAAAB3jDmEA"",""url"":""https://api.github.com/repos/wearypossum4770/dark-coding-challenges/labels/challenge"",""name"":""challenge"",""color"":""d4c5f9"",""default"":false,""description"":""""},{""id"":8022714187,""node_id"":""LA_kwDONp7z0M8AAAAB3jDnSw"",""url"":""https://api.github.com/repos/wearypossum4770/dark-coding-challenges/labels/easy"",""name"":""easy"",""color"":""0EE9C8"",""default"":false,""description"":""""}]",2025-01-23 22:29:37.000000 UTC